[
  {
    "name": "black",
    "r": 0,
    "g": 0,
    "b": 0
  },
  {
    "name": "white",
    "r": 255,
    "g": 255,
    "b": 255
  },
  {
    "name": "red",
    "r": 255,
    "g": 0,
    "b": 0
  },
  {
    "name": "lime",
    "r": 0,
    "g": 255,
    "b": 0
  },
  {
    "name": "blue",
    "r": 0,
    "g": 0,
    "b": 255
  },
  {
    "name": "yellow",
    "r": 255,
    "g": 255,
    "b": 0
  },
  {
    "name": "cyan",
    "r": 0,
    "g": 255,
    "b": 255
  },
  {
    "name": "magenta",
    "r": 255,
    "g": 0,
    "b": 255
  },
  {
    "name": "silver",
    "r": 192,
    "g": 192,
    "b": 192
  },
  {
    "name": "gray",
    "r": 128,
    "g": 128,
    "b": 128
  },
  {
    "name": "maroon",
    "r": 128,
    "g": 0,
    "b": 0
  },
  {
    "name": "olive",
    "r": 128,
    "g": 128,
    "b": 0
  },
  {
    "name": "green",
    "r": 0,
    "g": 128,
    "b": 0
  },
  {
    "name": "purple",
    "r": 128,
    "g": 0,
    "b": 128
  },
  {
    "name": "teal",
    "r": 0,
    "g": 128,
    "b": 128
  },
  {
    "name": "navy",
    "r": 0,
    "g": 0,
    "b": 128
  },
  {
    "name": "darkred",
    "r": 139,
    "g": 0,
    "b": 0
  },
  {
    "name": "brown",
    "r": 165,
    "g": 42,
    "b": 42
  },
  {
    "name": "firebrick",
    "r": 178,
    "g": 34,
    "b": 34
  },
  {
    "name": "crimson",
    "r": 220,
    "g": 20,
    "b": 60
  },
  {
    "name": "tomato",
    "r": 255,
    "g": 99,
    "b": 71
  },
  {
    "name": "coral",
    "r": 255,
    "g": 127,
    "b": 80
  },
  {
    "name": "indianred",
    "r": 205,
    "g": 92,
    "b": 92
  },
  {
    "name": "lightcoral",
    "r": 240,
    "g": 128,
    "b": 128
  },
  {
    "name": "darksalmon",
    "r": 233,
    "g": 150,
    "b": 122
  },
  {
    "name": "salmon",
    "r": 250,
    "g": 128,
    "b": 114
  },
  {
    "name": "lightsalmon",
    "r": 255,
    "g": 160,
    "b": 122
  },
  {
    "name": "orangered",
    "r": 255,
    "g": 69,
    "b": 0
  },
  {
    "name": "darkorange",
    "r": 255,
    "g": 140,
    "b": 0
  },
  {
    "name": "orange",
    "r": 255,
    "g": 165,
    "b": 0
  },
  {
    "name": "gold",
    "r": 255,
    "g": 215,
    "b": 0
  },
  {
    "name": "darkgoldenrod",
    "r": 184,
    "g": 134,
    "b": 11
  },
  {
    "name": "goldenrod",
    "r": 218,
    "g": 165,
    "b": 32
  },
  {
    "name": "palegoldenrod",
    "r": 238,
    "g": 232,
    "b": 170
  },
  {
    "name": "darkkhaki",
    "r": 189,
    "g": 183,
    "b": 107
  },
  {
    "name": "khaki",
    "r": 240,
    "g": 230,
    "b": 140
  },
  {
    "name": "yellowgreen",
    "r": 154,
    "g": 205,
    "b": 50
  },
  {
    "name": "darkolivegreen",
    "r": 85,
    "g": 107,
    "b": 47
  },
  {
    "name": "olivedrab",
    "r": 107,
    "g": 142,
    "b": 35
  },
  {
    "name": "lawngreen",
    "r": 124,
    "g": 252,
    "b": 0
  },
  {
    "name": "chartreuse",
    "r": 127,
    "g": 255,
    "b": 0
  },
  {
    "name": "greenyellow",
    "r": 173,
    "g": 255,
    "b": 47
  },
  {
    "name": "springgreen",
    "r": 0,
    "g": 255,
    "b": 127
  },
  {
    "name": "mediumspringgreen",
    "r": 0,
    "g": 250,
    "b": 154
  },
  {
    "name": "lightgreen",
    "r": 144,
    "g": 238,
    "b": 144
  },
  {
    "name": "palegreen",
    "r": 152,
    "g": 251,
    "b": 152
  },
  {
    "name": "darkseagreen",
    "r": 143,
    "g": 188,
    "b": 143
  },
  {
    "name": "mediumseagreen",
    "r": 60,
    "g": 179,
    "b": 113
  },
  {
    "name": "seagreen",
    "r": 46,
    "g": 139,
    "b": 87
  },
  {
    "name": "forestgreen",
    "r": 34,
    "g": 139,
    "b": 34
  },
  {
    "name": "darkgreen",
    "r": 0,
    "g": 100,
    "b": 0
  },
  {
    "name": "mediumaquamarine",
    "r": 102,
    "g": 205,
    "b": 170
  },
  {
    "name": "aqua",
    "r": 0,
    "g": 255,
    "b": 255
  },
  {
    "name": "lightcyan",
    "r": 224,
    "g": 255,
    "b": 255
  },
  {
    "name": "paleturquoise",
    "r": 175,
    "g": 238,
    "b": 238
  },
  {
    "name": "aquamarine",
    "r": 127,
    "g": 255,
    "b": 212
  },
  {
    "name": "turquoise",
    "r": 64,
    "g": 224,
    "b": 208
  },
  {
    "name": "mediumturquoise",
    "r": 72,
    "g": 209,
    "b": 204
  },
  {
    "name": "darkturquoise",
    "r": 0,
    "g": 206,
    "b": 209
  },
  {
    "name": "cadetblue",
    "r": 95,
    "g": 158,
    "b": 160
  },
  {
    "name": "steelblue",
    "r": 70,
    "g": 130,
    "b": 180
  },
  {
    "name": "lightsteelblue",
    "r": 176,
    "g": 196,
    "b": 222
  },
  {
    "name": "powderblue",
    "r": 176,
    "g": 224,
    "b": 230
  },
  {
    "name": "lightblue",
    "r": 173,
    "g": 216,
    "b": 230
  },
  {
    "name": "skyblue",
    "r": 135,
    "g": 206,
    "b": 235
  },
  {
    "name": "lightskyblue",
    "r": 135,
    "g": 206,
    "b": 250
  },
  {
    "name": "deepskyblue",
    "r": 0,
    "g": 191,
    "b": 255
  },
  {
    "name": "dodgerblue",
    "r": 30,
    "g": 144,
    "b": 255
  },
  {
    "name": "cornflowerblue",
    "r": 100,
    "g": 149,
    "b": 237
  },
  {
    "name": "mediumslateblue",
    "r": 123,
    "g": 104,
    "b": 238
  },
  {
    "name": "royalblue",
    "r": 65,
    "g": 105,
    "b": 225
  },
  {
    "name": "blueviolet",
    "r": 138,
    "g": 43,
    "b": 226
  },
  {
    "name": "indigo",
    "r": 75,
    "g": 0,
    "b": 130
  },
  {
    "name": "darkslateblue",
    "r": 72,
    "g": 61,
    "b": 139
  },
  {
    "name": "slateblue",
    "r": 106,
    "g": 90,
    "b": 205
  },
  {
    "name": "mediumblue",
    "r": 0,
    "g": 0,
    "b": 205
  },
  {
    "name": "darkblue",
    "r": 0,
    "g": 0,
    "b": 139
  },
  {
    "name": "midnightblue",
    "r": 25,
    "g": 25,
    "b": 112
  },
  {
    "name": "mediumorchid",
    "r": 186,
    "g": 85,
    "b": 211
  },
  {
    "name": "darkorchid",
    "r": 153,
    "g": 50,
    "b": 204
  },
  {
    "name": "darkviolet",
    "r": 148,
    "g": 0,
    "b": 211
  },
  {
    "name": "darkmagenta",
    "r": 139,
    "g": 0,
    "b": 139
  },
  {
    "name": "orchid",
    "r": 218,
    "g": 112,
    "b": 214
  },
  {
    "name": "violet",
    "r": 238,
    "g": 130,
    "b": 238
  },
  {
    "name": "plum",
    "r": 221,
    "g": 160,
    "b": 221
  },
  {
    "name": "thistle",
    "r": 216,
    "g": 191,
    "b": 216
  },
  {
    "name": "lavender",
    "r": 230,
    "g": 230,
    "b": 250
  },
  {
    "name": "mistyrose",
    "r": 255,
    "g": 228,
    "b": 225
  },
  {
    "name": "antiquewhite",
    "r": 250,
    "g": 235,
    "b": 215
  },
  {
    "name": "linen",
    "r": 250,
    "g": 240,
    "b": 230
  },
  {
    "name": "beige",
    "r": 245,
    "g": 245,
    "b": 220
  },
  {
    "name": "whitesmoke",
    "r": 245,
    "g": 245,
    "b": 245
  },
  {
    "name": "lavenderblush",
    "r": 255,
    "g": 240,
    "b": 245
  },
  {
    "name": "seashell",
    "r": 255,
    "g": 245,
    "b": 238
  },
  {
    "name": "oldlace",
    "r": 253,
    "g": 245,
    "b": 230
  },
  {
    "name": "floralwhite",
    "r": 255,
    "g": 250,
    "b": 240
  },
  {
    "name": "ivory",
    "r": 255,
    "g": 255,
    "b": 240
  },
  {
    "name": "honeydew",
    "r": 240,
    "g": 255,
    "b": 240
  },
  {
    "name": "mintcream",
    "r": 245,
    "g": 255,
    "b": 250
  },
  {
    "name": "azure",
    "r": 240,
    "g": 255,
    "b": 255
  },
  {
    "name": "aliceblue",
    "r": 240,
    "g": 248,
    "b": 255
  },
  {
    "name": "ghostwhite",
    "r": 248,
    "g": 248,
    "b": 255
  },
  {
    "name": "snow",
    "r": 255,
    "g": 250,
    "b": 250
  }
]